{
    "type": "HoradricCubePanel", "name": "HoradricCubeLayout",
    "fields": {
        "priority": 10,
        "anchor": { "x": 0.0, "y": 0.397},
        "rect": { "x": 236, "y": -651, "width": 2200, "height": 1507 },
    },
    "children": [
        /*{
            "type": "ClickCatcherWidget", "name": "click_catcher",
            "fields": {
                //"rect": { "x": 0, "y": 0, "width": 2200, "height": 1507 },
                "rect": "$PanelClickCatcherRect"
            },
        },
        {
            "type": "ImageWidget", "name": "photoFrame",
            "fields": {
                "anchor": { "x": 0.1, "y": 0.2},
                "rect": { "x": 45, "y": 60, "scale": 1.05}, //액자위치
                "filename": "PANEL\\Horadric_Cube\\horadriccube_photo"
                },     
        },*/
        {
            "type": "ImageWidget", "name": "CubingArea",
            "fields": {
                "anchor": { "x":0.8233, "y": 0.4899}, //큐빙위치
                //"rect": { "x": -485, "y": -708 },
                "filename": "PANEL\\Horadric_Cube\\CubingAreaWhitBTN"
                },
                "children": [
                    {
                    "type": "ClickCatcherWidget", "name": "click_catcher",
                    "fields": {
                        "rect": { "x": 0, "y": 0, "width": 485, "height": 708 },
                        }
                    },
                ]
        },
        {
            "type": "InventoryGridWidget", "name": "grid",
            "fields": {
                        "anchor": { "x": 0.8989, "y": 0.5965}, //그리드위치
                        //"rect": { "x": -390, "y": -612 },
                        "cellCount": { "x": 3, "y": 4 },
                        "cellSize": "$ItemCellSize",
                        "gemSocketFilename": "PANEL\\gemsocket",
                    },
        },
        {
            "type": "ImageWidget", "name": "background",
            "fields": {
                "filename": "PANEL\\Horadric_Cube\\HoradricCube_BG"
            },
        },
        {
            "type": "ImageWidget", "name": "LeftHinge",
            "fields": {
                "rect": "$LeftHingeRect",
                "filename": "$LeftHingeSprite"
            },
        },
        /*{
            "type": "TextBoxWidget", "name": "title",
            "fields": {
                "rect": "$InGamePanelTitleRect",
                "style": "$StyleTitleBlock",
                "text": "@box",
            },
        },*/
        
        {
            "type": "ButtonWidget", "name": "close",
            "fields": {
                "rect": { "x": 2142, "y": 1343 }, //클로즈버튼
                "filename": "PANEL\\closebtn_4x",
                "hoveredFrame": 3,
                "tooltipString": "@strClose",
                "sound": "cursor_close_window_hd",
                "onClickMessage": "HoradricCubePanelMessage:Close",
            },
        },
        {
	    "type": "ButtonWidget", "name": "hudStr2", //큐빙헬프(망치)
	    "fields": {
	    "rect": { "x": 3390, "y": 670, "scale": 2.2 },
	    "tooltipString": "@hudpanelStr1",
	    "filename": "PANEL\\cube_hud",
	 }
         },
        /*{
            "type": "AnimatedImageWidget", "name": "flourish",
            "fields": {
                "rect": { "x": 180, "y": 204, "scale":2 },
                "filename": "PANEL\\Horadric_Cube\\Flourish",
                "blendMode": "black",
                "fps": 14,
                "playing": false,
                "loop": false,
            },
        },*/
    ]
}

