{
    "basedOn": "PlayerInventoryOriginalLayoutHD.json",
    "type": "PlayerInventoryPanel", "name": "PlayerInventoryExpansionLayout",
    "fields": {
        "activeWeaponSwapFontColor": "$TabsActiveTextColorInGame",
        "inactiveWeaponSwapFontColor": "$TabsInactiveTextColor",
    },
    "children": [
        {
            "type": "ClickCatcherWidget", "name": "click_catcher",
        },
        {
            "type": "ImageWidget", "name": "background",
            "fields": {
                "filename": "PANEL\\Inventory\\Background"
            },
        },
        {
            "type": "ImageWidget", "name": "RightHinge",
        },
        {
            "type": "TextBoxWidget", "name": "title",
        },
        {
            "type": "TextBoxWidget", "name": "gold_amount",
            "children": [
                {
                    "type": "FocusableWidget", "name": "gold_amount_tooltip",
                }
            ]
        },
        {
            "type": "ButtonWidget", "name": "gold_button",
        },
        {
            "type": "ButtonWidget", "name": "close",
        },
        {
            "type": "InventoryGridWidget", "name": "grid",
        },
        {
            "type": "InventorySlotWidget", "name": "slot_right_hand",
        },
        {
            "type": "InventorySlotWidget", "name": "slot_left_hand",
        },
        {
            "type": "InventorySlotWidget", "name": "slot_belt",
        },
        {
            "type": "InventorySlotWidget", "name": "slot_feet",
        },
        {
            "type": "InventorySlotWidget", "name": "slot_gloves",
        },
        {
            "type": "InventorySlotWidget", "name": "slot_head",
        },
        {
            "type": "InventorySlotWidget", "name": "slot_neck",
        },
        {
            "type": "InventorySlotWidget", "name": "slot_torso",
        },
        {
            "type": "InventorySlotWidget", "name": "slot_right_arm",
        },
        {
            "type": "InventorySlotWidget", "name": "slot_left_arm",
        },
        {
            "type": "ImageWidget", "name": "background_right_arm_selected",
            "fields": {
                "rect": { "x": 99, "y": 179 },
                "filename": "PANEL\\Inventory\\Tab",
            },
        },
        {
            "type": "ImageWidget", "name": "background_left_arm_selected",
            "fields": {
                "rect": { "x": 850, "y": 179 },
                "filename": "PANEL\\Inventory\\Tab",
            },
        },
        {
            "type": "ImageWidget", "name": "background_right_arm",
            "fields": {
                "rect": { "x": 99, "y": 179 },
                "filename": "PANEL\\Inventory\\Tab",
                "frame": 1,
            },
        },
        {
            "type": "ImageWidget", "name": "background_left_arm",
            "fields": {
                "rect": { "x": 850, "y": 179 },
                "filename": "PANEL\\Inventory\\Tab",
                "frame": 1,
            },
        },
        /*
        {
            "type": "TabBarWidget", "name": "Tabs",
            "fields": {
                "rect": { "x": 99, "y": 179 },
                "tabCount": 2,
                "inactiveFrames": [ 1, 1 ],
                "activeFrames": [ 0, 0 ],
                "textStrings": [ "I", "II" ],
                "textStyle": { "pointSize": "$MediumLargeFontSize" },
                "activeTextColor": "$TabsActiveTextColor",
                "inactiveTextColor": "$TabsInactiveTextColor",
                "tabSize": { "x": 107, "y": 60 },
                "tabPadding": { "x": 0, "y": 0 },
                "onSwitchTabMessage": "PlayerInventoryPanelMessage:SelectTab",
            }
        },
        */

        {
            "type": "TextBoxWidget", "name": "text_i_left",
            "fields": {
                "rect": { "x": 99, "y": 180, "width": 107, "height": 48 },
                "text": "I",
                "style": "$StyleWeaponSwapTabs",
            },
        },
        {
            "type": "TextBoxWidget", "name": "text_ii_left",
            "fields": {
                "rect": { "x": 205, "y": 180, "width": 107, "height": 48 },
                "text": "II",
                "style": "$StyleWeaponSwapTabs",
            },
        },
        {
            "type": "TextBoxWidget", "name": "text_i_right",
            "fields": {
                "rect": { "x": 850, "y": 180, "width": 107, "height": 48 },
                "text": "I",
                "style": "$StyleWeaponSwapTabs",
            },
        },
        {
            "type": "TextBoxWidget", "name": "text_ii_right",
            "fields": {
                "rect": { "x": 956, "y": 180, "width": 107, "height": 48 },
                "text": "II",
                "style": "$StyleWeaponSwapTabs",
            },
        },
        {
            "type": "FocusableWidget", "name": "weaponswap_right_arm",
            "fields": {
                "rect": { "x": 99, "y": 179, "width": 215, "height": 48 },
            },
        },
        {
            "type": "FocusableWidget", "name": "weaponswap_left_arm",
            "fields": {
                "rect": { "x": 850, "y": 179, "width": 215, "height": 48 },
            },
        },
 {
            "type": "ButtonWidget", "name": "convert",
            "fields": {
                "rect": { "x": 85, "y": 1309 },  // 호라드릭 큐브 버튼 위치 변경
                "filename": "PANEL\\Horadric_Cube\\TransmuteButton",
                "tooltipString": "@strUiMenu2",
                "hoveredFrame": 2,
                "onClickMessage": "HoradricCubePanelMessage:Convert",
            },
        },
 {
            "type": "ButtonWidget", "name": "close",
            "fields": {
                "rect": { "x": 2010, "y": 1325 }, //클로즈버튼
                "filename": "PANEL\\closebtn_4x",
                "hoveredFrame": 3,
                "tooltipString": "@strClose",
                "sound": "cursor_close_window_hd",
                "onClickMessage": "HoradricCubePanelMessage:Close",
            },
        },
		{
			"type": "ButtonWidget", "name": "hudStr2", //rune
			"fields": {
				"rect": { "x": 1195, "y": 250 },
				"tooltipString": "@hudpanelStr2",
				"filename": "PANEL/seonhee_hud2",
			}
		},
		{
			"type": "ButtonWidget", "name": "hudStr10", //jewel
			"fields": {
				"rect": { "x": 1195, "y": 350 },
				"tooltipString": "@hudpanelStr10",
				"filename": "PANEL/seonhee_hud10",
			}
		},
		{
			"type": "ButtonWidget", "name": "hudStr3",
			"fields": {
				"rect": { "x": 1195, "y": 450 },
				"tooltipString": "@hudpanelStr3",
				"filename": "PANEL/seonhee_hud3",
			}
		},
		{
			"type": "ButtonWidget", "name": "hudStr4",
			"fields": {
				"rect": { "x": 1195, "y": 550 },
				"tooltipString": "@hudpanelStr4",
				"filename": "PANEL/seonhee_hud4",
			}
		},
		{
			"type": "ButtonWidget", "name": "hudStr5",
			"fields": {
				"rect": { "x": 1195, "y": 900 },
				"tooltipString": "@hudpanelStr5",
				"filename": "PANEL/seonhee_hud5",
			}
		},
		{
			"type": "ButtonWidget", "name": "hudStr6",
			"fields": {
				"rect": { "x": 1195, "y": 1000 },
				"tooltipString": "@hudpanelStr6",
				"filename": "PANEL/seonhee_hud6",
			}
		},
		{
			"type": "ButtonWidget", "name": "hudStr7",
			"fields": {
				"rect": { "x": 1195, "y": 1100 },
				"tooltipString": "@hudpanelStr7",
				"filename": "PANEL/seonhee_hud7",
			}
		},
		{
			"type": "ButtonWidget", "name": "hudStr8",
			"fields": {
				"rect": { "x": 1195, "y": 1200 },
				"tooltipString": "@hudpanelStr8",
				"filename": "PANEL/seonhee_hud8",
			}
		},
		{
			"type": "ButtonWidget", "name": "hudStr9",
			"fields": {
				"rect": { "x": 1195, "y": 1300 },
				"tooltipString": "@hudpanelStr9",
				"filename": "PANEL/seonhee_hud9",
			}
		},
    ]
}
