{
    "dependencies": {
        "particles": [],
        "models": [
            {
                "path": "data/hd/items/weapon/orb/sacred_globe/sacred_globe.model"
            }
        ],
        "skeletons": [
            {
                "path": "data/hd/items/weapon/orb/sacred_globe/skeleton/sacred_globe.skeleton"
            }
        ],
        "animations": [],
        "textures": [
            {
                "path": "data/hd/items/weapon/orb/sacred_globe/weapon_sacred_globe_orb_ALB.texture"
            },
            {
                "path": "data/hd/items/weapon/orb/sacred_globe/weapon_sacred_globe_orb_mask.texture"
            },
            {
                "path": "data/hd/items/weapon/orb/sacred_globe/weapon_sacred_globe_orb_NRM.texture"
            },
            {
                "path": "data/hd/items/weapon/orb/sacred_globe/weapon_sacred_globe_orb_ORM.texture"
            },
            {
                "path": "data/hd/items/weapon/orb/sacred_globe/weapon_sacred_globe_stick_ALB.texture"
            },
            {
                "path": "data/hd/items/weapon/orb/sacred_globe/weapon_sacred_globe_stick_mask.texture"
            },
            {
                "path": "data/hd/items/weapon/orb/sacred_globe/weapon_sacred_globe_stick_NRM.texture"
            },
            {
                "path": "data/hd/items/weapon/orb/sacred_globe/weapon_sacred_globe_stick_ORM.texture"
            }
        ],
        "physics": [],
        "json": [
            {
                "path": "data/hd/items/dropped_items/dropped_items_ne.json"
            },
            {
                "path": "data/hd/missiles/maiden_javelin_missile.json"
            }
        ],
        "variantdata": [],
        "objecteffects": [],
        "other": []
    },
    "type": "UnitDefinition",
    "name": "sacred_globe",
    "entities": [
        {
            "type": "Entity",
            "name": "entity_root",
            "id": 3415387708,
            "components": [
                {
                    "type": "UnitRootComponent",
                    "name": "component_root",
                    "state_machine_filename": "data/hd/items/dropped_items/dropped_items_ne.json",
                    "doNotInheritRotation": false,
                    "rotationOverride": {
                        "x": 0.0,
                        "y": 0.3826834,
                        "z": 0.0,
                        "w": 0.9238795
                    },
                    "doNotUseHDHeight": false,
                    "hideAllMeshWhenInOpenedMode": false,
                    "onCreateEventName": "",
                    "animations": []
                },
                {
                    "type": "SkeletonDefinitionComponent",
                    "name": "component_skeleton",
                    "filename": "data/hd/items/weapon/orb/sacred_globe/skeleton/sacred_globe.skeleton"
                },
                {
                    "type": "TransformDefinitionComponent",
                    "name": "entity_root_TransformDefinition",
                    "position": {
                        "x": -0.055,
                        "y": 0.0,
                        "z": 0.499
                    },
                    "orientation": {
                        "x": 0.0,
                        "y": -0.0436193869,
                        "z": 0.0,
                        "w": 0.999048233
                    },
                    "scale": {
                        "x": 1.0,
                        "y": 1.0,
                        "z": 1.0
                    },
                    "inheritOnlyPosition": false
                }
            ]
        },
        {
            "type": "MissileUnitOverrideComponent",
            "name": "entity_root_MissileUnitOverride",
            "missileUnit": "data/hd/missiles/maiden_javelin_missile.json",
            "missilesToReplace": {
                "type": "MissileClassPreset",
                "name": "Javelin",
                "missiles": [
                    1,
                    38,
                    43,
                    429,
                    431,
                    434,
                    436,
                    438,
                    371
                ]
            }
        },
        {
            "type": "Entity",
            "name": "entity_model",
            "id": 2291792273,
            "components": [
                {
                    "type": "ModelDefinitionComponent",
                    "name": "component_model_maiden_javelin",
                    "filename": "data/hd/items/weapon/javelin/maiden_javelin/maiden_javelin.model",
                    "visibleLayers": 1,
                    "lightMask": 19,
                    "shadowMask": 3,
                    "ghostShadows": false,
                    "floorModel": false,
                    "terrainBlendEnableYUpBlend": false,
                    "terrainBlendMode": 1
                }
            ]
        },
        {
                    "type": "Entity",
                    "name": "droplight",
                    "id": 9999996974,
                    "components": [
                        {
                            "type": "TransformDefinitionComponent",
                            "name": "component_transform1",
                            "position": {
                                "x": 0.0,
                                "y": -0.5,
                                "z": -0.1
                            },
                            "orientation": {
                                "x": 0.0,
                                "y": 0.0,
                                "z": 0.0,
                                "w": 1.0
                            },
                            "scale": {
                                "x": 1.0,
                                "y": 1.0,
                                "z": 1.0
                            },
                            "inheritOnlyPosition": false
                        },
                        {
                            "type": "UnitPartComponent",
                            "name": "entity_wings_UnitPart",
                            "part": "head",
                            "variant": "lit"
                        },
                        {
                            "type": "VfxDefinitionComponent",
                            "name": "entity_vfx_gousemyideaandshareyourfilthymods",
                            "filename": "data/hd/vfx/particles/overlays/objects/multigleam/fx_multigleam.particles",
                            "hardKillOnDestroy": false
                        }
                    ]
                },
                {
                            "type": "Entity",
                            "name": "droplight",
                            "id": 9999996974,
                            "components": [
                                {
                                    "type": "TransformDefinitionComponent",
                                    "name": "component_transform1",
                                    "position": {
                                        "x": 0.0,
                                        "y": -3.0,
                                        "z": -0.1
                                    },
                                    "orientation": {
                                        "x": 0.0,
                                        "y": 0.0,
                                        "z": 0.0,
                                        "w": 1.0
                                    },
                                    "scale": {
                                        "x": 1.0,
                                        "y": 1.0,
                                        "z": 1.0
                                    },
                                    "inheritOnlyPosition": false
                                },
                                {
                                    "type": "UnitPartComponent",
                                    "name": "entity_wings_UnitPart",
                                    "part": "head",
                                    "variant": "lit"
                                },
                                {
                                    "type": "VfxDefinitionComponent",
                                    "name": "entity_vfx_gousemyideaandshareyourfilthymods",
                                    "filename": "data/hd/vfx/particles/overlays/objects/multigleam/fx_multigleam.particles",
                                    "hardKillOnDestroy": false
                                }
                            ]
                        }
                        ,
                {
                            "type": "Entity",
                            "name": "droplight",
                            "id": 9999996974,
                            "components": [
                                {
                                    "type": "TransformDefinitionComponent",
                                    "name": "component_transform1",
                                    "position": {
                                        "x": 0.0,
                                        "y": 1.5,
                                        "z": -0.1
                                    },
                                    "orientation": {
                                        "x": 0.0,
                                        "y": 0.0,
                                        "z": 0.0,
                                        "w": 1.0
                                    },
                                    "scale": {
                                        "x": 1.0,
                                        "y": 1.0,
                                        "z": 1.0
                                    },
                                    "inheritOnlyPosition": false
                                },
                                {
                                    "type": "UnitPartComponent",
                                    "name": "entity_wings_UnitPart",
                                    "part": "head",
                                    "variant": "lit"
                                },
                                {
                                    "type": "VfxDefinitionComponent",
                                    "name": "entity_vfx_gousemyideaandshareyourfilthymods",
                                    "filename": "data/hd/vfx/particles/overlays/objects/multigleam/fx_multigleam.particles",
                                    "hardKillOnDestroy": false
                                }
                            ]
                        }
                        ,
                {
                            "type": "Entity",
                            "name": "droplight",
                            "id": 9999996974,
                            "components": [
                                {
                                    "type": "TransformDefinitionComponent",
                                    "name": "component_transform1",
                                    "position": {
                                        "x": 0.0,
                                        "y": 1.8,
                                        "z": -0.1
                                    },
                                    "orientation": {
                                        "x": 0.0,
                                        "y": 0.0,
                                        "z": 0.0,
                                        "w": 1.0
                                    },
                                    "scale": {
                                        "x": 1.0,
                                        "y": 1.0,
                                        "z": 1.0
                                    },
                                    "inheritOnlyPosition": false
                                },
                                {
                                    "type": "VfxDefinitionComponent",
                                    "name": "entity_vfx_gousemyideaandshareyourfilthymods",
                                    "filename": "data/hd/vfx/particles/missiles/lightning_strike/lightningstrike.particles",
                                    "hardKillOnDestroy": false
                                }
                            ]
                        },
                        {
                                    "type": "Entity",
                                    "name": "droplight",
                                    "id": 9999996974,
                                    "components": [
                                        {
                                            "type": "TransformDefinitionComponent",
                                            "name": "component_transform1",
                                            "position": {
                                                "x": 0.0,
                                                "y": 1.5,
                                                "z": -0.1
                                            },
                                            "orientation": {
                                                "x": 0.0,
                                                "y": 0.0,
                                                "z": 0.0,
                                                "w": 1.0
                                            },
                                            "scale": {
                                                "x": 1.0,
                                                "y": 1.0,
                                                "z": 1.0
                                            },
                                            "inheritOnlyPosition": false
                                        },
                                        {
                                            "type": "VfxDefinitionComponent",
                                            "name": "entity_vfx_gousemyideaandshareyourfilthymods",
                                            "filename": "data/hd/vfx/particles/missiles/lightning_strike/lightningstrike.particles",
                                            "hardKillOnDestroy": false
                                        }
                                    ]
                                },
                                {
                                            "type": "Entity",
                                            "name": "droplight",
                                            "id": 9999996974,
                                            "components": [
                                                {
                                                    "type": "TransformDefinitionComponent",
                                                    "name": "component_transform1",
                                                    "position": {
                                                        "x": 0.0,
                                                        "y": 1.5,
                                                        "z": -0.1
                                                    },
                                                    "orientation": {
                                                        "x": 0.6,
                                                        "y": 0.6,
                                                        "z": 0.6,
                                                        "w": 1.0
                                                    },
                                                    "scale": {
                                                        "x": 1.0,
                                                        "y": 1.0,
                                                        "z": 1.0
                                                    },
                                                    "inheritOnlyPosition": false
                                                },
                                                {
                                                    "type": "UnitPartComponent",
                                                    "name": "entity_wings_UnitPart",
                                                    "part": "head",
                                                    "variant": "lit"
                                                },
                                                {
                                                    "type": "VfxDefinitionComponent",
                                                    "name": "entity_vfx_gousemyideaandshareyourfilthymods",
                                                    "filename": "data/hd/vfx/particles/missiles/expansion_lightningpiece/expansion_lightningpiece.particles",
                                                    "hardKillOnDestroy": false
                                                }
                                            ]
                                        },
                                        {
                                                    "type": "Entity",
                                                    "name": "droplight",
                                                    "id": 9999996974,
                                                    "components": [
                                                        {
                                                            "type": "TransformDefinitionComponent",
                                                            "name": "component_transform1",
                                                            "position": {
                                                                "x": 0.0,
                                                                "y": 1.5,
                                                                "z": -0.1
                                                            },
                                                            "orientation": {
                                                                "x": 0.6,
                                                                "y": 0.6,
                                                                "z": 0.6,
                                                                "w": 1.0
                                                            },
                                                            "scale": {
                                                                "x": 1.0,
                                                                "y": 1.0,
                                                                "z": 1.0
                                                            },
                                                            "inheritOnlyPosition": false
                                                        },
                                                        {
                                                            "type": "UnitPartComponent",
                                                            "name": "entity_wings_UnitPart",
                                                            "part": "head",
                                                            "variant": "lit"
                                                        },
                                                        {
                                                            "type": "VfxDefinitionComponent",
                                                            "name": "entity_vfx_gousemyideaandshareyourfilthymods",
                                                            "filename": "data/hd/vfx/particles/missiles/expansion_lightningpiece/expansion_lightningpiece.particles",
                                                            "hardKillOnDestroy": false
                                                        }
                                                    ]
                                                },
                                                {
                                                            "type": "Entity",
                                                            "name": "droplight",
                                                            "id": 9999996974,
                                                            "components": [
                                                                {
                                                                    "type": "TransformDefinitionComponent",
                                                                    "name": "component_transform1",
                                                                    "position": {
                                                                        "x": 0.0,
                                                                        "y": 1.5,
                                                                        "z": -0.1
                                                                    },
                                                                    "orientation": {
                                                                        "x": 0.6,
                                                                        "y": 0.6,
                                                                        "z": 0.6,
                                                                        "w": 1.0
                                                                    },
                                                                    "scale": {
                                                                        "x": 1.0,
                                                                        "y": 1.0,
                                                                        "z": 1.0
                                                                    },
                                                                    "inheritOnlyPosition": false
                                                                },
                                                                {
                                                                    "type": "UnitPartComponent",
                                                                    "name": "entity_wings_UnitPart",
                                                                    "part": "head",
                                                                    "variant": "lit"
                                                                },
                                                                {
                                                                    "type": "VfxDefinitionComponent",
                                                                    "name": "entity_vfx_gousemyideaandshareyourfilthymods",
                                                                    "filename": "data/hd/vfx/particles/missiles/expansion_lightningpiece/expansion_lightningpiece.particles",
                                                                    "hardKillOnDestroy": false
                                                                }
                                                            ]
                                                        },
                                        {
                                                    "type": "Entity",
                                                    "name": "droplight",
                                                    "id": 9999996974,
                                                    "components": [
                                                        {
                                                            "type": "TransformDefinitionComponent",
                                                            "name": "component_transform1",
                                                            "position": {
                                                                "x": 0.0,
                                                                "y": 1.5,
                                                                "z": -0.1
                                                            },
                                                            "orientation": {
                                                                "x": 0.6,
                                                                "y": 0.6,
                                                                "z": 0.6,
                                                                "w": 1.0
                                                            },
                                                            "scale": {
                                                                "x": 1.0,
                                                                "y": 1.0,
                                                                "z": 1.0
                                                            },
                                                            "inheritOnlyPosition": false
                                                        },
                                                        {
                                                            "type": "UnitPartComponent",
                                                            "name": "entity_wings_UnitPart",
                                                            "part": "head",
                                                            "variant": "lit"
                                                        },
                                                        {
                                                            "type": "VfxDefinitionComponent",
                                                            "name": "entity_vfx_gousemyideaandshareyourfilthymods",
                                                            "filename": "data/hd/vfx/particles/missiles/expansion_lightningpiece/expansion_lightningpiece.particles",
                                                            "hardKillOnDestroy": false
                                                        }
                                                    ]
                                                },
                                                {
                                                            "type": "Entity",
                                                            "name": "droplight",
                                                            "id": 9999996974,
                                                            "components": [
                                                                {
                                                                    "type": "TransformDefinitionComponent",
                                                                    "name": "component_transform1",
                                                                    "position": {
                                                                        "x": 0.0,
                                                                        "y": 1.5,
                                                                        "z": -0.1
                                                                    },
                                                                    "orientation": {
                                                                        "x": 0.6,
                                                                        "y": 0.6,
                                                                        "z": 0.6,
                                                                        "w": 1.0
                                                                    },
                                                                    "scale": {
                                                                        "x": 1.0,
                                                                        "y": 1.0,
                                                                        "z": 1.0
                                                                    },
                                                                    "inheritOnlyPosition": false
                                                                },
                                                                {
                                                                    "type": "UnitPartComponent",
                                                                    "name": "entity_wings_UnitPart",
                                                                    "part": "head",
                                                                    "variant": "lit"
                                                                },
                                                                {
                                                                    "type": "VfxDefinitionComponent",
                                                                    "name": "entity_vfx_gousemyideaandshareyourfilthymods",
                                                                    "filename": "data/hd/vfx/particles/missiles/expansion_lightningpiece/expansion_lightningpiece.particles",
                                                                    "hardKillOnDestroy": false
                                                                }
                                                            ]
                                                        },
                                        {
                                                    "type": "Entity",
                                                    "name": "droplight",
                                                    "id": 9999996974,
                                                    "components": [
                                                        {
                                                            "type": "TransformDefinitionComponent",
                                                            "name": "component_transform1",
                                                            "position": {
                                                                "x": 0.0,
                                                                "y": 1.5,
                                                                "z": -0.1
                                                            },
                                                            "orientation": {
                                                                "x": 0.6,
                                                                "y": 0.6,
                                                                "z": 0.6,
                                                                "w": 1.0
                                                            },
                                                            "scale": {
                                                                "x": 1.0,
                                                                "y": 1.0,
                                                                "z": 1.0
                                                            },
                                                            "inheritOnlyPosition": false
                                                        },
                                                        {
                                                            "type": "UnitPartComponent",
                                                            "name": "entity_wings_UnitPart",
                                                            "part": "head",
                                                            "variant": "lit"
                                                        },
                                                        {
                                                            "type": "VfxDefinitionComponent",
                                                            "name": "entity_vfx_gousemyideaandshareyourfilthymods",
                                                            "filename": "data/hd/vfx/particles/missiles/expansion_lightningpiece/expansion_lightningpiece.particles",
                                                            "hardKillOnDestroy": false
                                                        }
                                                    ]
                                                },
                                                {
                                                            "type": "Entity",
                                                            "name": "droplight",
                                                            "id": 9999996974,
                                                            "components": [
                                                                {
                                                                    "type": "TransformDefinitionComponent",
                                                                    "name": "component_transform1",
                                                                    "position": {
                                                                        "x": 0.0,
                                                                        "y": 1.5,
                                                                        "z": -0.1
                                                                    },
                                                                    "orientation": {
                                                                        "x": 0.6,
                                                                        "y": 0.6,
                                                                        "z": 0.6,
                                                                        "w": 1.0
                                                                    },
                                                                    "scale": {
                                                                        "x": 1.0,
                                                                        "y": 1.0,
                                                                        "z": 1.0
                                                                    },
                                                                    "inheritOnlyPosition": false
                                                                },
                                                                {
                                                                    "type": "UnitPartComponent",
                                                                    "name": "entity_wings_UnitPart",
                                                                    "part": "head",
                                                                    "variant": "lit"
                                                                },
                                                                {
                                                                    "type": "VfxDefinitionComponent",
                                                                    "name": "entity_vfx_gousemyideaandshareyourfilthymods",
                                                                    "filename": "data/hd/vfx/particles/missiles/expansion_lightningpiece/expansion_lightningpiece.particles",
                                                                    "hardKillOnDestroy": false
                                                                }
                                                            ]
                                                        },
                                                {
                                                            "type": "Entity",
                                                            "name": "droplight",
                                                            "id": 9999996974,
                                                            "components": [
                                                                {
                                                                    "type": "TransformDefinitionComponent",
                                                                    "name": "component_transform1",
                                                                    "position": {
                                                                        "x": 0.0,
                                                                        "y": 1.5,
                                                                        "z": -0.1
                                                                    },
                                                                    "orientation": {
                                                                        "x": 0.6,
                                                                        "y": 0.6,
                                                                        "z": 0.6,
                                                                        "w": 1.0
                                                                    },
                                                                    "scale": {
                                                                        "x": 1.0,
                                                                        "y": 1.0,
                                                                        "z": 1.0
                                                                    },
                                                                    "inheritOnlyPosition": false
                                                                },
                                                                {
                                                                    "type": "UnitPartComponent",
                                                                    "name": "entity_wings_UnitPart",
                                                                    "part": "head",
                                                                    "variant": "lit"
                                                                },
                                                                {
                                                                    "type": "VfxDefinitionComponent",
                                                                    "name": "entity_vfx_gousemyideaandshareyourfilthymods",
                                                                    "filename": "data/hd/vfx/particles/missiles/expansion_lightningpiece/expansion_lightningpiece.particles",
                                                                    "hardKillOnDestroy": false
                                                                }
                                                            ]
                                                        },
                                                {
                                                            "type": "Entity",
                                                            "name": "droplight",
                                                            "id": 9999996974,
                                                            "components": [
                                                                {
                                                                    "type": "TransformDefinitionComponent",
                                                                    "name": "component_transform1",
                                                                    "position": {
                                                                        "x": 0.0,
                                                                        "y": -2.5,
                                                                        "z": -0.1
                                                                    },
                                                                    "orientation": {
                                                                        "x": 0.6,
                                                                        "y": 0.6,
                                                                        "z": 0.6,
                                                                        "w": 1.0
                                                                    },
                                                                    "scale": {
                                                                        "x": 1.0,
                                                                        "y": 1.0,
                                                                        "z": 1.0
                                                                    },
                                                                    "inheritOnlyPosition": false
                                                                },
                                                                {
                                                                    "type": "UnitPartComponent",
                                                                    "name": "entity_wings_UnitPart",
                                                                    "part": "head",
                                                                    "variant": "lit"
                                                                },
                                                                {
                                                                    "type": "VfxDefinitionComponent",
                                                                    "name": "entity_vfx_gousemyideaandshareyourfilthymods",
                                                                    "filename": "data/hd/vfx/particles/missiles/expansion_lightningpiece/expansion_lightningpiece.particles",
                                                                    "hardKillOnDestroy": false
                                                                }
                                                            ]
                                                        },
                                                        {
                                                                    "type": "Entity",
                                                                    "name": "droplight",
                                                                    "id": 9999996974,
                                                                    "components": [
                                                                        {
                                                                            "type": "TransformDefinitionComponent",
                                                                            "name": "component_transform1",
                                                                            "position": {
                                                                                "x": 0.0,
                                                                                "y": -2.5,
                                                                                "z": -0.1
                                                                            },
                                                                            "orientation": {
                                                                                "x": 0.6,
                                                                                "y": 0.6,
                                                                                "z": 0.6,
                                                                                "w": 1.0
                                                                            },
                                                                            "scale": {
                                                                                "x": 1.0,
                                                                                "y": 1.0,
                                                                                "z": 1.0
                                                                            },
                                                                            "inheritOnlyPosition": false
                                                                        },
                                                                        {
                                                                            "type": "UnitPartComponent",
                                                                            "name": "entity_wings_UnitPart",
                                                                            "part": "head",
                                                                            "variant": "lit"
                                                                        },
                                                                        {
                                                                            "type": "VfxDefinitionComponent",
                                                                            "name": "entity_vfx_gousemyideaandshareyourfilthymods",
                                                                            "filename": "data/hd/vfx/particles/missiles/expansion_lightningpiece/expansion_lightningpiece.particles",
                                                                            "hardKillOnDestroy": false
                                                                        }
                                                                    ]
                                                                },
                                                                {
                                                                            "type": "Entity",
                                                                            "name": "droplight",
                                                                            "id": 9999996974,
                                                                            "components": [
                                                                                {
                                                                                    "type": "TransformDefinitionComponent",
                                                                                    "name": "component_transform1",
                                                                                    "position": {
                                                                                        "x": 0.0,
                                                                                        "y": -2.5,
                                                                                        "z": -0.1
                                                                                    },
                                                                                    "orientation": {
                                                                                        "x": 0.6,
                                                                                        "y": 0.6,
                                                                                        "z": 0.6,
                                                                                        "w": 1.0
                                                                                    },
                                                                                    "scale": {
                                                                                        "x": 1.0,
                                                                                        "y": 1.0,
                                                                                        "z": 1.0
                                                                                    },
                                                                                    "inheritOnlyPosition": false
                                                                                },
                                                                                {
                                                                                    "type": "UnitPartComponent",
                                                                                    "name": "entity_wings_UnitPart",
                                                                                    "part": "head",
                                                                                    "variant": "lit"
                                                                                },
                                                                                {
                                                                                    "type": "VfxDefinitionComponent",
                                                                                    "name": "entity_vfx_gousemyideaandshareyourfilthymods",
                                                                                    "filename": "data/hd/vfx/particles/missiles/expansion_lightningpiece/expansion_lightningpiece.particles",
                                                                                    "hardKillOnDestroy": false
                                                                                }
                                                                            ]
                                                                        },
                                                                        {
                                                                                    "type": "Entity",
                                                                                    "name": "droplight",
                                                                                    "id": 9999996974,
                                                                                    "components": [
                                                                                        {
                                                                                            "type": "TransformDefinitionComponent",
                                                                                            "name": "component_transform1",
                                                                                            "position": {
                                                                                                "x": 0.0,
                                                                                                "y": -2.5,
                                                                                                "z": -0.1
                                                                                            },
                                                                                            "orientation": {
                                                                                                "x": 0.6,
                                                                                                "y": 0.6,
                                                                                                "z": 0.6,
                                                                                                "w": 1.0
                                                                                            },
                                                                                            "scale": {
                                                                                                "x": 1.0,
                                                                                                "y": 1.0,
                                                                                                "z": 1.0
                                                                                            },
                                                                                            "inheritOnlyPosition": false
                                                                                        },
                                                                                        {
                                                                                            "type": "UnitPartComponent",
                                                                                            "name": "entity_wings_UnitPart",
                                                                                            "part": "head",
                                                                                            "variant": "lit"
                                                                                        },
                                                                                        {
                                                                                            "type": "VfxDefinitionComponent",
                                                                                            "name": "entity_vfx_gousemyideaandshareyourfilthymods",
                                                                                            "filename": "data/hd/vfx/particles/missiles/expansion_lightningpiece/expansion_lightningpiece.particles",
                                                                                            "hardKillOnDestroy": false
                                                                                        }
                                                                                    ]
                                                                                },
                                                                                {
                                                                                            "type": "Entity",
                                                                                            "name": "droplight",
                                                                                            "id": 9999996974,
                                                                                            "components": [
                                                                                                {
                                                                                                    "type": "TransformDefinitionComponent",
                                                                                                    "name": "component_transform1",
                                                                                                    "position": {
                                                                                                        "x": 0.0,
                                                                                                        "y": -2.5,
                                                                                                        "z": -0.1
                                                                                                    },
                                                                                                    "orientation": {
                                                                                                        "x": 0.6,
                                                                                                        "y": 0.6,
                                                                                                        "z": 0.6,
                                                                                                        "w": 1.0
                                                                                                    },
                                                                                                    "scale": {
                                                                                                        "x": 1.0,
                                                                                                        "y": 1.0,
                                                                                                        "z": 1.0
                                                                                                    },
                                                                                                    "inheritOnlyPosition": false
                                                                                                },
                                                                                                {
                                                                                                    "type": "UnitPartComponent",
                                                                                                    "name": "entity_wings_UnitPart",
                                                                                                    "part": "head",
                                                                                                    "variant": "lit"
                                                                                                },
                                                                                                {
                                                                                                    "type": "VfxDefinitionComponent",
                                                                                                    "name": "entity_vfx_gousemyideaandshareyourfilthymods",
                                                                                                    "filename": "data/hd/vfx/particles/missiles/expansion_lightningpiece/expansion_lightningpiece.particles",
                                                                                                    "hardKillOnDestroy": false
                                                                                                }
                                                                                            ]
                                                                                        },
                                                                                        {
                                                                                                    "type": "Entity",
                                                                                                    "name": "droplight",
                                                                                                    "id": 9999996974,
                                                                                                    "components": [
                                                                                                        {
                                                                                                            "type": "TransformDefinitionComponent",
                                                                                                            "name": "component_transform1",
                                                                                                            "position": {
                                                                                                                "x": 0.0,
                                                                                                                "y": -2.5,
                                                                                                                "z": -0.1
                                                                                                            },
                                                                                                            "orientation": {
                                                                                                                "x": 0.6,
                                                                                                                "y": 0.6,
                                                                                                                "z": 0.6,
                                                                                                                "w": 1.0
                                                                                                            },
                                                                                                            "scale": {
                                                                                                                "x": 1.0,
                                                                                                                "y": 1.0,
                                                                                                                "z": 1.0
                                                                                                            },
                                                                                                            "inheritOnlyPosition": false
                                                                                                        },
                                                                                                        {
                                                                                                            "type": "UnitPartComponent",
                                                                                                            "name": "entity_wings_UnitPart",
                                                                                                            "part": "head",
                                                                                                            "variant": "lit"
                                                                                                        },
                                                                                                        {
                                                                                                            "type": "VfxDefinitionComponent",
                                                                                                            "name": "entity_vfx_gousemyideaandshareyourfilthymods",
                                                                                                            "filename": "data/hd/vfx/particles/missiles/expansion_lightningpiece/expansion_lightningpiece.particles",
                                                                                                            "hardKillOnDestroy": false
                                                                                                        }
                                                                                                    ]
                                                                                                },
                                                                                                {
                                                                                                            "type": "Entity",
                                                                                                            "name": "droplight",
                                                                                                            "id": 9999996974,
                                                                                                            "components": [
                                                                                                                {
                                                                                                                    "type": "TransformDefinitionComponent",
                                                                                                                    "name": "component_transform1",
                                                                                                                    "position": {
                                                                                                                        "x": 0.0,
                                                                                                                        "y": -2.5,
                                                                                                                        "z": -0.1
                                                                                                                    },
                                                                                                                    "orientation": {
                                                                                                                        "x": 0.6,
                                                                                                                        "y": 0.6,
                                                                                                                        "z": 0.6,
                                                                                                                        "w": 1.0
                                                                                                                    },
                                                                                                                    "scale": {
                                                                                                                        "x": 1.0,
                                                                                                                        "y": 1.0,
                                                                                                                        "z": 1.0
                                                                                                                    },
                                                                                                                    "inheritOnlyPosition": false
                                                                                                                },
                                                                                                                {
                                                                                                                    "type": "UnitPartComponent",
                                                                                                                    "name": "entity_wings_UnitPart",
                                                                                                                    "part": "head",
                                                                                                                    "variant": "lit"
                                                                                                                },
                                                                                                                {
                                                                                                                    "type": "VfxDefinitionComponent",
                                                                                                                    "name": "entity_vfx_gousemyideaandshareyourfilthymods",
                                                                                                                    "filename": "data/hd/vfx/particles/missiles/expansion_lightningpiece/expansion_lightningpiece.particles",
                                                                                                                    "hardKillOnDestroy": false
                                                                                                                }
                                                                                                            ]
                                                                                                        },
                                                                                                        {
                                                                                                                    "type": "Entity",
                                                                                                                    "name": "droplight",
                                                                                                                    "id": 9999996974,
                                                                                                                    "components": [
                                                                                                                        {
                                                                                                                            "type": "TransformDefinitionComponent",
                                                                                                                            "name": "component_transform1",
                                                                                                                            "position": {
                                                                                                                                "x": 0.0,
                                                                                                                                "y": -2.5,
                                                                                                                                "z": -0.1
                                                                                                                            },
                                                                                                                            "orientation": {
                                                                                                                                "x": 0.6,
                                                                                                                                "y": 0.6,
                                                                                                                                "z": 0.6,
                                                                                                                                "w": 1.0
                                                                                                                            },
                                                                                                                            "scale": {
                                                                                                                                "x": 1.0,
                                                                                                                                "y": 1.0,
                                                                                                                                "z": 1.0
                                                                                                                            },
                                                                                                                            "inheritOnlyPosition": false
                                                                                                                        },
                                                                                                                        {
                                                                                                                            "type": "UnitPartComponent",
                                                                                                                            "name": "entity_wings_UnitPart",
                                                                                                                            "part": "head",
                                                                                                                            "variant": "lit"
                                                                                                                        },
                                                                                                                        {
                                                                                                                            "type": "VfxDefinitionComponent",
                                                                                                                            "name": "entity_vfx_gousemyideaandshareyourfilthymods",
                                                                                                                            "filename": "data/hd/vfx/particles/missiles/expansion_lightningpiece/expansion_lightningpiece.particles",
                                                                                                                            "hardKillOnDestroy": false
                                                                                                                        }
                                                                                                                    ]
                                                                                                                },
                                                                                                                {
                                                                                                                            "type": "Entity",
                                                                                                                            "name": "droplight",
                                                                                                                            "id": 9999996974,
                                                                                                                            "components": [
                                                                                                                                {
                                                                                                                                    "type": "TransformDefinitionComponent",
                                                                                                                                    "name": "component_transform1",
                                                                                                                                    "position": {
                                                                                                                                        "x": 0.0,
                                                                                                                                        "y": -2.5,
                                                                                                                                        "z": -0.1
                                                                                                                                    },
                                                                                                                                    "orientation": {
                                                                                                                                        "x": 0.6,
                                                                                                                                        "y": 0.6,
                                                                                                                                        "z": 0.6,
                                                                                                                                        "w": 1.0
                                                                                                                                    },
                                                                                                                                    "scale": {
                                                                                                                                        "x": 1.0,
                                                                                                                                        "y": 1.0,
                                                                                                                                        "z": 1.0
                                                                                                                                    },
                                                                                                                                    "inheritOnlyPosition": false
                                                                                                                                },
                                                                                                                                {
                                                                                                                                    "type": "UnitPartComponent",
                                                                                                                                    "name": "entity_wings_UnitPart",
                                                                                                                                    "part": "head",
                                                                                                                                    "variant": "lit"
                                                                                                                                },
                                                                                                                                {
                                                                                                                                    "type": "VfxDefinitionComponent",
                                                                                                                                    "name": "entity_vfx_gousemyideaandshareyourfilthymods",
                                                                                                                                    "filename": "data/hd/vfx/particles/missiles/bighead_lightning_missile/bighead_lightning_missile.particles",
                                                                                                                                    "hardKillOnDestroy": false
                                                                                                                                }
                                                                                                                            ]
                                                                                                                        }
    ]
}